{
  "properties": {
    "connectionReferences": {
      "shared_office365groups": {
        "runtimeSource": "invoker",
        "connection": {
          "connectionReferenceLogicalName": "yaa_sharedoffice365groups_48a80"
        },
        "api": {
          "name": "shared_office365groups"
        }
      }
    },
    "definition": {
      "$schema": "https://schema.management.azure.com/providers/Microsoft.Logic/schemas/2016-06-01/workflowdefinition.json#",
      "contentVersion": "1.0.0.0",
      "parameters": {
        "$connections": {
          "defaultValue": {},
          "type": "Object"
        },
        "$authentication": {
          "defaultValue": {},
          "type": "SecureObject"
        }
      },
      "triggers": {
        "manual": {
          "metadata": {
            "operationMetadataId": "981f3af0-6274-4c5a-b8f6-454a433e35d8"
          },
          "type": "Request",
          "kind": "PowerAppV2",
          "inputs": {
            "schema": {
              "type": "object",
              "properties": {
                "text": {
                  "title": "ID",
                  "type": "string",
                  "x-ms-dynamically-added": true,
                  "description": "ID / UPNをセミコロン区切りで指定してください",
                  "x-ms-content-hint": "TEXT"
                },
                "text_1": {
                  "title": "Start",
                  "type": "string",
                  "x-ms-dynamically-added": true,
                  "description": "開始時刻(JST)を指定してください (例: 2021-11-01T08:00:00)",
                  "x-ms-content-hint": "TEXT"
                },
                "text_2": {
                  "title": "End",
                  "type": "string",
                  "x-ms-dynamically-added": true,
                  "description": "終了時刻(JST)を指定してください (例: 2021-11-02T08:00:00)",
                  "x-ms-content-hint": "TEXT"
                }
              },
              "required": [
                "text",
                "text_1",
                "text_2"
              ]
            }
          }
        }
      },
      "actions": {
        "変数IDsを初期化する": {
          "runAfter": {},
          "metadata": {
            "operationMetadataId": "f3e93cbd-11c6-4503-9177-65f87b02da2b"
          },
          "type": "InitializeVariable",
          "inputs": {
            "variables": [
              {
                "name": "IDs",
                "type": "array",
                "value": "@split(triggerBody()['text'], ';')"
              }
            ]
          }
        },
        "変数Startを初期化する": {
          "runAfter": {
            "変数IDsを初期化する": [
              "Succeeded"
            ]
          },
          "metadata": {
            "operationMetadataId": "e5e10cb8-2fdf-4adc-ae3e-052488ae14e3"
          },
          "type": "InitializeVariable",
          "inputs": {
            "variables": [
              {
                "name": "Start",
                "type": "string",
                "value": "@{triggerBody()['text_1']}%2b09:00"
              }
            ]
          }
        },
        "変数Endを初期化する": {
          "runAfter": {
            "変数Startを初期化する": [
              "Succeeded"
            ]
          },
          "metadata": {
            "operationMetadataId": "11fc1a55-36ed-4708-94a2-385e20a86490"
          },
          "type": "InitializeVariable",
          "inputs": {
            "variables": [
              {
                "name": "End",
                "type": "string",
                "value": "@{triggerBody()['text_2']}%2b09:00"
              }
            ]
          }
        },
        "変数Schedulesを初期化する": {
          "runAfter": {
            "変数Endを初期化する": [
              "Succeeded"
            ]
          },
          "metadata": {
            "operationMetadataId": "41a04b26-05f2-4b61-9896-f2acd51be277"
          },
          "type": "InitializeVariable",
          "inputs": {
            "variables": [
              {
                "name": "Schedules",
                "type": "array"
              }
            ]
          }
        },
        "Apply_to_each_4": {
          "foreach": "@variables('IDs')",
          "actions": {
            "HTTP_要求を送信します": {
              "runAfter": {},
              "metadata": {
                "operationMetadataId": "a7de426b-2a8a-4c4c-9b0a-3bed9a78b753"
              },
              "type": "OpenApiConnection",
              "inputs": {
                "host": {
                  "connectionName": "shared_office365groups",
                  "operationId": "HttpRequest",
                  "apiId": "/providers/Microsoft.PowerApps/apis/shared_office365groups"
                },
                "parameters": {
                  "Uri": "https://graph.microsoft.com/v1.0/users/@{items('Apply_to_each_4')}/calendar/calendarView?startDateTime=@{variables('Start')}&endDateTime=@{variables('End')}",
                  "Method": "GET",
                  "ContentType": "application/json",
                  "CustomHeader1": "Prefer: outlook.timezone=\"Asia/Tokyo\""
                },
                "authentication": "@parameters('$authentication')"
              }
            },
            "JSON_の解析": {
              "runAfter": {
                "HTTP_要求を送信します": [
                  "Succeeded"
                ]
              },
              "metadata": {
                "operationMetadataId": "fadfaed5-fcbf-4030-a22a-5d3bbdbe60f1"
              },
              "type": "ParseJson",
              "inputs": {
                "content": "@body('HTTP_要求を送信します')",
                "schema": {
                  "type": "object",
                  "properties": {
                    "@@odata.context": {
                      "type": "string"
                    },
                    "value": {
                      "type": "array",
                      "items": {
                        "type": "object",
                        "properties": {
                          "@@odata.etag": {
                            "type": "string"
                          },
                          "id": {
                            "type": "string"
                          },
                          "createdDateTime": {
                            "type": "string"
                          },
                          "lastModifiedDateTime": {
                            "type": "string"
                          },
                          "changeKey": {
                            "type": "string"
                          },
                          "categories": {
                            "type": "array"
                          },
                          "transactionId": {
                            "type": "string"
                          },
                          "originalStartTimeZone": {
                            "type": "string"
                          },
                          "originalEndTimeZone": {
                            "type": "string"
                          },
                          "iCalUId": {
                            "type": "string"
                          },
                          "reminderMinutesBeforeStart": {
                            "type": "integer"
                          },
                          "isReminderOn": {
                            "type": "boolean"
                          },
                          "hasAttachments": {
                            "type": "boolean"
                          },
                          "subject": {
                            "type": "string"
                          },
                          "bodyPreview": {
                            "type": "string"
                          },
                          "importance": {
                            "type": "string"
                          },
                          "sensitivity": {
                            "type": "string"
                          },
                          "isAllDay": {
                            "type": "boolean"
                          },
                          "isCancelled": {
                            "type": "boolean"
                          },
                          "isOrganizer": {
                            "type": "boolean"
                          },
                          "responseRequested": {
                            "type": "boolean"
                          },
                          "seriesMasterId": {},
                          "showAs": {
                            "type": "string"
                          },
                          "type": {
                            "type": "string"
                          },
                          "webLink": {
                            "type": "string"
                          },
                          "onlineMeetingUrl": {},
                          "isOnlineMeeting": {
                            "type": "boolean"
                          },
                          "onlineMeetingProvider": {
                            "type": "string"
                          },
                          "allowNewTimeProposals": {
                            "type": "boolean"
                          },
                          "occurrenceId": {},
                          "isDraft": {
                            "type": "boolean"
                          },
                          "hideAttendees": {
                            "type": "boolean"
                          },
                          "responseStatus": {
                            "type": "object",
                            "properties": {
                              "response": {
                                "type": "string"
                              },
                              "time": {
                                "type": "string"
                              }
                            }
                          },
                          "body": {
                            "type": "object",
                            "properties": {
                              "contentType": {
                                "type": "string"
                              },
                              "content": {
                                "type": "string"
                              }
                            }
                          },
                          "start": {
                            "type": "object",
                            "properties": {
                              "dateTime": {
                                "type": "string"
                              },
                              "timeZone": {
                                "type": "string"
                              }
                            }
                          },
                          "end": {
                            "type": "object",
                            "properties": {
                              "dateTime": {
                                "type": "string"
                              },
                              "timeZone": {
                                "type": "string"
                              }
                            }
                          },
                          "location": {
                            "type": "object",
                            "properties": {
                              "displayName": {
                                "type": "string"
                              },
                              "locationType": {
                                "type": "string"
                              },
                              "uniqueIdType": {
                                "type": "string"
                              },
                              "address": {
                                "type": "object",
                                "properties": {}
                              },
                              "coordinates": {
                                "type": "object",
                                "properties": {}
                              }
                            }
                          },
                          "locations": {
                            "type": "array"
                          },
                          "recurrence": {},
                          "attendees": {
                            "type": "array",
                            "items": {
                              "type": "object",
                              "properties": {
                                "type": {
                                  "type": "string"
                                },
                                "status": {
                                  "type": "object",
                                  "properties": {
                                    "response": {
                                      "type": "string"
                                    },
                                    "time": {
                                      "type": "string"
                                    }
                                  }
                                },
                                "emailAddress": {
                                  "type": "object",
                                  "properties": {
                                    "name": {
                                      "type": "string"
                                    },
                                    "address": {
                                      "type": "string"
                                    }
                                  }
                                }
                              },
                              "required": []
                            }
                          },
                          "organizer": {
                            "type": "object",
                            "properties": {
                              "emailAddress": {
                                "type": "object",
                                "properties": {
                                  "name": {
                                    "type": "string"
                                  },
                                  "address": {
                                    "type": "string"
                                  }
                                }
                              }
                            }
                          },
                          "onlineMeeting": {
                            "type": "object",
                            "properties": {
                              "joinUrl": {
                                "type": "string"
                              }
                            }
                          }
                        },
                        "required": []
                      }
                    }
                  }
                }
              }
            },
            "配列変数に追加": {
              "runAfter": {
                "JSON_の解析": [
                  "Succeeded"
                ]
              },
              "metadata": {
                "operationMetadataId": "fe7fdafe-d664-4415-9de2-350993513d25"
              },
              "type": "AppendToArrayVariable",
              "inputs": {
                "name": "Schedules",
                "value": {
                  "room": "@{items('Apply_to_each_4')}",
                  "events": "@body('JSON_の解析')?['value']"
                }
              }
            }
          },
          "runAfter": {
            "変数Schedulesを初期化する": [
              "Succeeded"
            ]
          },
          "metadata": {
            "operationMetadataId": "ebecf7c0-29cc-4deb-b15e-b7b4d85b3419"
          },
          "type": "Foreach",
          "runtimeConfiguration": {
            "concurrency": {
              "repetitions": 50
            }
          }
        },
        "応答": {
          "runAfter": {
            "Apply_to_each_4": [
              "Succeeded"
            ]
          },
          "metadata": {
            "operationMetadataId": "1a239499-0a54-4e03-9dc0-0e12dbde968c"
          },
          "type": "Response",
          "kind": "Http",
          "inputs": {
            "statusCode": 200,
            "body": "@variables('Schedules')",
            "schema": {
              "type": "array",
              "items": {
                "type": "object",
                "properties": {
                  "room": {
                    "type": "string"
                  },
                  "events": {
                    "type": "array",
                    "items": {
                      "type": "object",
                      "properties": {
                        "@@odata.etag": {
                          "type": "string"
                        },
                        "id": {
                          "type": "string"
                        },
                        "createdDateTime": {
                          "type": "string"
                        },
                        "lastModifiedDateTime": {
                          "type": "string"
                        },
                        "changeKey": {
                          "type": "string"
                        },
                        "categories": {
                          "type": "array"
                        },
                        "transactionId": {
                          "type": "string"
                        },
                        "originalStartTimeZone": {
                          "type": "string"
                        },
                        "originalEndTimeZone": {
                          "type": "string"
                        },
                        "iCalUId": {
                          "type": "string"
                        },
                        "reminderMinutesBeforeStart": {
                          "type": "integer"
                        },
                        "isReminderOn": {
                          "type": "boolean"
                        },
                        "hasAttachments": {
                          "type": "boolean"
                        },
                        "subject": {
                          "type": "string"
                        },
                        "bodyPreview": {
                          "type": "string"
                        },
                        "importance": {
                          "type": "string"
                        },
                        "sensitivity": {
                          "type": "string"
                        },
                        "isAllDay": {
                          "type": "boolean"
                        },
                        "isCancelled": {
                          "type": "boolean"
                        },
                        "isOrganizer": {
                          "type": "boolean"
                        },
                        "responseRequested": {
                          "type": "boolean"
                        },
                        "seriesMasterId": {},
                        "showAs": {
                          "type": "string"
                        },
                        "type": {
                          "type": "string"
                        },
                        "webLink": {
                          "type": "string"
                        },
                        "onlineMeetingUrl": {},
                        "isOnlineMeeting": {
                          "type": "boolean"
                        },
                        "onlineMeetingProvider": {
                          "type": "string"
                        },
                        "allowNewTimeProposals": {
                          "type": "boolean"
                        },
                        "occurrenceId": {},
                        "isDraft": {
                          "type": "boolean"
                        },
                        "hideAttendees": {
                          "type": "boolean"
                        },
                        "responseStatus": {
                          "type": "object",
                          "properties": {
                            "response": {
                              "type": "string"
                            },
                            "time": {
                              "type": "string"
                            }
                          }
                        },
                        "body": {
                          "type": "object",
                          "properties": {
                            "contentType": {
                              "type": "string"
                            },
                            "content": {
                              "type": "string"
                            }
                          }
                        },
                        "start": {
                          "type": "object",
                          "properties": {
                            "dateTime": {
                              "type": "string"
                            },
                            "timeZone": {
                              "type": "string"
                            }
                          }
                        },
                        "end": {
                          "type": "object",
                          "properties": {
                            "dateTime": {
                              "type": "string"
                            },
                            "timeZone": {
                              "type": "string"
                            }
                          }
                        },
                        "location": {
                          "type": "object",
                          "properties": {
                            "displayName": {
                              "type": "string"
                            },
                            "locationType": {
                              "type": "string"
                            },
                            "uniqueIdType": {
                              "type": "string"
                            },
                            "address": {
                              "type": "object",
                              "properties": {}
                            },
                            "coordinates": {
                              "type": "object",
                              "properties": {}
                            }
                          }
                        },
                        "locations": {
                          "type": "array"
                        },
                        "recurrence": {},
                        "attendees": {
                          "type": "array",
                          "items": {
                            "type": "object",
                            "properties": {
                              "type": {
                                "type": "string"
                              },
                              "status": {
                                "type": "object",
                                "properties": {
                                  "response": {
                                    "type": "string"
                                  },
                                  "time": {
                                    "type": "string"
                                  }
                                }
                              },
                              "emailAddress": {
                                "type": "object",
                                "properties": {
                                  "name": {
                                    "type": "string"
                                  },
                                  "address": {
                                    "type": "string"
                                  }
                                }
                              }
                            },
                            "required": []
                          }
                        },
                        "organizer": {
                          "type": "object",
                          "properties": {
                            "emailAddress": {
                              "type": "object",
                              "properties": {
                                "name": {
                                  "type": "string"
                                },
                                "address": {
                                  "type": "string"
                                }
                              }
                            }
                          }
                        },
                        "onlineMeeting": {
                          "type": "object",
                          "properties": {
                            "joinUrl": {
                              "type": "string"
                            }
                          }
                        }
                      },
                      "required": []
                    }
                  }
                },
                "required": [
                  "room",
                  "events"
                ]
              }
            }
          }
        }
      },
      "outputs": {}
    }
  },
  "schemaVersion": "1.0.0.0"
}