{
  "properties": {
    "connectionReferences": {
      "shared_office365groups": {
        "runtimeSource": "invoker",
        "connection": {
          "connectionReferenceLogicalName": "yaa_sharedoffice365groups_48a80"
        },
        "api": {
          "name": "shared_office365groups"
        }
      },
      "shared_office365": {
        "runtimeSource": "invoker",
        "connection": {
          "connectionReferenceLogicalName": "yaa_sharedoffice365_f12b9"
        },
        "api": {
          "name": "shared_office365"
        }
      }
    },
    "definition": {
      "$schema": "https://schema.management.azure.com/providers/Microsoft.Logic/schemas/2016-06-01/workflowdefinition.json#",
      "contentVersion": "1.0.0.0",
      "parameters": {
        "$connections": {
          "defaultValue": {},
          "type": "Object"
        },
        "$authentication": {
          "defaultValue": {},
          "type": "SecureObject"
        }
      },
      "triggers": {
        "manual": {
          "metadata": {
            "operationMetadataId": "fbd569e1-7c59-43bf-923f-255c10bf3ab1"
          },
          "type": "Request",
          "kind": "PowerAppV2",
          "inputs": {
            "schema": {
              "type": "object",
              "properties": {},
              "required": []
            }
          }
        }
      },
      "actions": {
        "自分が所有しているグループの一覧表示_(V2)": {
          "runAfter": {
            "条件": [
              "Succeeded"
            ]
          },
          "metadata": {
            "operationMetadataId": "ce78f9d9-3c99-4b48-9539-4f01c34e7aec"
          },
          "type": "OpenApiConnection",
          "inputs": {
            "host": {
              "connectionName": "shared_office365groups",
              "operationId": "ListOwnedGroups_V2",
              "apiId": "/providers/Microsoft.PowerApps/apis/shared_office365groups"
            },
            "parameters": {},
            "authentication": "@parameters('$authentication')"
          }
        },
        "アレイのフィルター処理": {
          "runAfter": {
            "自分が所有しているグループの一覧表示_(V2)": [
              "Succeeded"
            ]
          },
          "metadata": {
            "operationMetadataId": "7a550944-86a0-4189-a0bf-6ffa73f376fb"
          },
          "type": "Query",
          "inputs": {
            "from": "@outputs('自分が所有しているグループの一覧表示_(V2)')?['body/value']",
            "where": "@contains(item()?['mail'], 'AllEquipments')"
          }
        },
        "グループ_メンバーの一覧表示": {
          "runAfter": {
            "アレイのフィルター処理": [
              "Succeeded"
            ]
          },
          "metadata": {
            "operationMetadataId": "3d50b407-565b-4117-8f22-1e0817b9ad72"
          },
          "type": "OpenApiConnection",
          "inputs": {
            "host": {
              "connectionName": "shared_office365groups",
              "operationId": "ListGroupMembers",
              "apiId": "/providers/Microsoft.PowerApps/apis/shared_office365groups"
            },
            "parameters": {
              "groupId": "@first(body('アレイのフィルター処理'))?['id']",
              "$top": 999
            },
            "authentication": "@parameters('$authentication')"
          },
          "description": "first(body('アレイのフィルター処理'))?['id']"
        },
        "応答": {
          "runAfter": {
            "グループ_メンバーの一覧表示": [
              "Succeeded"
            ]
          },
          "metadata": {
            "operationMetadataId": "1d32503b-a154-4d78-b51f-dff45ecc724a"
          },
          "type": "Response",
          "kind": "Http",
          "inputs": {
            "statusCode": 200,
            "body": "@body('グループ_メンバーの一覧表示')",
            "schema": {
              "type": "array",
              "items": {
                "type": "object",
                "properties": {
                  "@@odata.type": {
                    "type": "string"
                  },
                  "id": {
                    "type": "string"
                  },
                  "businessPhones": {
                    "type": "array"
                  },
                  "displayName": {
                    "type": "string"
                  },
                  "mail": {
                    "type": "string"
                  },
                  "userPrincipalName": {
                    "type": "string"
                  }
                },
                "required": [
                  "@@odata.type",
                  "id",
                  "businessPhones",
                  "displayName",
                  "mail",
                  "userPrincipalName"
                ]
              }
            }
          }
        },
        "変数Contactsを初期化する": {
          "runAfter": {},
          "metadata": {
            "operationMetadataId": "78b83bdb-34a6-48af-b3cb-d89249aa485c"
          },
          "type": "InitializeVariable",
          "inputs": {
            "variables": [
              {
                "name": "Contacts",
                "type": "array"
              }
            ]
          }
        },
        "条件": {
          "actions": {},
          "runAfter": {
            "変数Contactsを初期化する": [
              "Succeeded"
            ]
          },
          "else": {
            "actions": {
              "作成": {
                "runAfter": {
                  "Apply_to_each": [
                    "Succeeded"
                  ]
                },
                "metadata": {
                  "operationMetadataId": "32eb5757-26b5-4bff-b252-ce9df226f6bd"
                },
                "type": "Compose",
                "inputs": "@variables('Contacts')"
              },
              "Apply_to_each": {
                "foreach": "@outputs('連絡先フォルダーの取得_(V2)')?['body/value']",
                "actions": {
                  "連絡先の取得_(V2)": {
                    "runAfter": {},
                    "metadata": {
                      "operationMetadataId": "dd5dc7dc-de4f-4e62-becf-c4e7d96dd6f2"
                    },
                    "type": "OpenApiConnection",
                    "inputs": {
                      "host": {
                        "connectionName": "shared_office365",
                        "operationId": "ContactGetItems_V2",
                        "apiId": "/providers/Microsoft.PowerApps/apis/shared_office365"
                      },
                      "parameters": {
                        "folder": "@items('Apply_to_each')?['id']"
                      },
                      "authentication": "@parameters('$authentication')"
                    }
                  },
                  "Apply_to_each_2": {
                    "foreach": "@outputs('連絡先の取得_(V2)')?['body/value']",
                    "actions": {
                      "配列変数に追加": {
                        "runAfter": {},
                        "metadata": {
                          "operationMetadataId": "781f97e9-445a-49cd-b707-8d219db8dcde"
                        },
                        "type": "AppendToArrayVariable",
                        "inputs": {
                          "name": "Contacts",
                          "value": "@items('Apply_to_each_2')"
                        }
                      }
                    },
                    "runAfter": {
                      "連絡先の取得_(V2)": [
                        "Succeeded"
                      ]
                    },
                    "metadata": {
                      "operationMetadataId": "21b5275d-6c20-41e7-bfcd-4b6a25f67970"
                    },
                    "type": "Foreach"
                  }
                },
                "runAfter": {
                  "連絡先フォルダーの取得_(V2)": [
                    "Succeeded"
                  ]
                },
                "metadata": {
                  "operationMetadataId": "669bf092-f27f-4ac0-8902-5c83bd082248"
                },
                "type": "Foreach"
              },
              "連絡先フォルダーの取得_(V2)": {
                "runAfter": {},
                "metadata": {
                  "operationMetadataId": "acff59d9-289c-4666-892b-cc77f5f024d1"
                },
                "type": "OpenApiConnection",
                "inputs": {
                  "host": {
                    "connectionName": "shared_office365",
                    "operationId": "ContactGetTablesV2",
                    "apiId": "/providers/Microsoft.PowerApps/apis/shared_office365"
                  },
                  "parameters": {},
                  "authentication": "@parameters('$authentication')"
                }
              }
            }
          },
          "expression": {
            "equals": [
              0,
              0
            ]
          },
          "metadata": {
            "operationMetadataId": "387158d4-eb7b-434d-b68d-7ab552cb1d42"
          },
          "type": "If"
        }
      },
      "outputs": {}
    }
  },
  "schemaVersion": "1.0.0.0"
}