{
  "properties": {
    "connectionReferences": {
      "shared_office365": {
        "runtimeSource": "invoker",
        "connection": {
          "connectionReferenceLogicalName": "yaa_sharedoffice365_f12b9"
        },
        "api": {
          "name": "shared_office365"
        }
      }
    },
    "definition": {
      "$schema": "https://schema.management.azure.com/providers/Microsoft.Logic/schemas/2016-06-01/workflowdefinition.json#",
      "contentVersion": "1.0.0.0",
      "parameters": {
        "$connections": {
          "defaultValue": {},
          "type": "Object"
        },
        "$authentication": {
          "defaultValue": {},
          "type": "SecureObject"
        }
      },
      "triggers": {
        "manual": {
          "metadata": {
            "operationMetadataId": "8b6bce48-8300-4410-bac9-c18287cb433b"
          },
          "type": "Request",
          "kind": "PowerAppV2",
          "inputs": {
            "schema": {
              "type": "object",
              "properties": {},
              "required": []
            }
          }
        }
      },
      "actions": {
        "会議室の一覧を取得_(V2)": {
          "runAfter": {
            "変数を初期化する": [
              "Succeeded"
            ]
          },
          "metadata": {
            "operationMetadataId": "45459e9d-e4bf-4de2-a408-55e3d591160c"
          },
          "type": "OpenApiConnection",
          "inputs": {
            "host": {
              "connectionName": "shared_office365",
              "operationId": "GetRoomLists_V2",
              "apiId": "/providers/Microsoft.PowerApps/apis/shared_office365"
            },
            "parameters": {},
            "authentication": "@parameters('$authentication')"
          }
        },
        "Apply_to_each": {
          "foreach": "@outputs('会議室の一覧を取得_(V2)')?['body/value']",
          "actions": {
            "会議室の一覧から会議室を取得_(V2)": {
              "runAfter": {},
              "metadata": {
                "operationMetadataId": "60579c0d-f0db-4226-8e1f-e8532505ee86"
              },
              "type": "OpenApiConnection",
              "inputs": {
                "host": {
                  "connectionName": "shared_office365",
                  "operationId": "GetRoomsInRoomList_V2",
                  "apiId": "/providers/Microsoft.PowerApps/apis/shared_office365"
                },
                "parameters": {
                  "room_list": "@items('Apply_to_each')?['address']"
                },
                "authentication": "@parameters('$authentication')"
              }
            },
            "Apply_to_each_2": {
              "foreach": "@outputs('会議室の一覧から会議室を取得_(V2)')?['body/value']",
              "actions": {
                "配列変数に追加": {
                  "runAfter": {},
                  "metadata": {
                    "operationMetadataId": "899cac90-6d0d-4a7a-9dca-b67261fb6169"
                  },
                  "type": "AppendToArrayVariable",
                  "inputs": {
                    "name": "Rooms",
                    "value": "@items('Apply_to_each_2')"
                  }
                }
              },
              "runAfter": {
                "会議室の一覧から会議室を取得_(V2)": [
                  "Succeeded"
                ]
              },
              "metadata": {
                "operationMetadataId": "143d44d2-de99-484c-81cc-15a62f102f97"
              },
              "type": "Foreach"
            }
          },
          "runAfter": {
            "会議室の一覧を取得_(V2)": [
              "Succeeded"
            ]
          },
          "metadata": {
            "operationMetadataId": "a2422be9-d423-4a77-8f30-7fc7f50fc483"
          },
          "type": "Foreach"
        },
        "変数を初期化する": {
          "runAfter": {},
          "metadata": {
            "operationMetadataId": "60bdccab-752b-4090-ace2-afcffd37d9e5"
          },
          "type": "InitializeVariable",
          "inputs": {
            "variables": [
              {
                "name": "Rooms",
                "type": "array"
              }
            ]
          }
        },
        "作成": {
          "runAfter": {
            "Apply_to_each": [
              "Succeeded"
            ]
          },
          "metadata": {
            "operationMetadataId": "bc1b2cf5-5fdc-40ac-830c-862d1bc474ab"
          },
          "type": "Compose",
          "inputs": "@variables('Rooms')"
        },
        "応答": {
          "runAfter": {
            "作成": [
              "Succeeded"
            ]
          },
          "metadata": {
            "operationMetadataId": "2052ffb9-5807-4637-8ffe-a2b17fefc937"
          },
          "type": "Response",
          "kind": "Http",
          "inputs": {
            "statusCode": 200,
            "body": "@variables('Rooms')",
            "schema": {
              "type": "array",
              "items": {
                "type": "object",
                "properties": {
                  "name": {
                    "type": "string"
                  },
                  "address": {
                    "type": "string"
                  }
                },
                "required": [
                  "name",
                  "address"
                ]
              }
            }
          }
        }
      },
      "outputs": {}
    }
  },
  "schemaVersion": "1.0.0.0"
}