{
  "properties": {
    "connectionReferences": {
      "shared_office365groups_1": {
        "runtimeSource": "invoker",
        "connection": {
          "connectionReferenceLogicalName": "yaa_sharedoffice365groups_48a80"
        },
        "api": {
          "name": "shared_office365groups"
        }
      }
    },
    "definition": {
      "$schema": "https://schema.management.azure.com/providers/Microsoft.Logic/schemas/2016-06-01/workflowdefinition.json#",
      "contentVersion": "1.0.0.0",
      "parameters": {
        "$connections": {
          "defaultValue": {},
          "type": "Object"
        },
        "$authentication": {
          "defaultValue": {},
          "type": "SecureObject"
        }
      },
      "triggers": {
        "manual": {
          "metadata": {
            "operationMetadataId": "981f3af0-6274-4c5a-b8f6-454a433e35d8"
          },
          "type": "Request",
          "kind": "PowerAppV2",
          "inputs": {
            "schema": {
              "type": "object",
              "properties": {
                "text": {
                  "title": "ID",
                  "type": "string",
                  "x-ms-dynamically-added": true,
                  "description": "ID / UPNをセミコロン区切りで指定してください",
                  "x-ms-content-hint": "TEXT"
                },
                "text_1": {
                  "title": "Start",
                  "type": "string",
                  "x-ms-dynamically-added": true,
                  "description": "開始時刻(JST)を指定してください (例: 2021-11-01T08:00:00)",
                  "x-ms-content-hint": "TEXT"
                },
                "text_2": {
                  "title": "End",
                  "type": "string",
                  "x-ms-dynamically-added": true,
                  "description": "終了時刻(JST)を指定してください (例: 2021-11-02T08:00:00)",
                  "x-ms-content-hint": "TEXT"
                },
                "text_3": {
                  "title": "availabilityViewInterval",
                  "type": "string",
                  "x-ms-dynamically-added": true,
                  "description": "availabilityViewIntervalを指定してください (5～1440)",
                  "x-ms-content-hint": "TEXT"
                }
              },
              "required": [
                "text",
                "text_1",
                "text_2",
                "text_3"
              ]
            }
          }
        }
      },
      "actions": {
        "変数IDsを初期化する": {
          "runAfter": {},
          "metadata": {
            "operationMetadataId": "f3e93cbd-11c6-4503-9177-65f87b02da2b"
          },
          "type": "InitializeVariable",
          "inputs": {
            "variables": [
              {
                "name": "IDs",
                "type": "array",
                "value": "@split(triggerBody()['text'], ';')"
              }
            ]
          }
        },
        "変数Schedulesを初期化する": {
          "runAfter": {
            "変数IDsを初期化する": [
              "Succeeded"
            ]
          },
          "metadata": {
            "operationMetadataId": "41a04b26-05f2-4b61-9896-f2acd51be277"
          },
          "type": "InitializeVariable",
          "inputs": {
            "variables": [
              {
                "name": "Schedules",
                "type": "array"
              }
            ]
          }
        },
        "Apply_to_each_4": {
          "foreach": "@variables('IDs')",
          "actions": {
            "JSON_の解析": {
              "runAfter": {},
              "metadata": {
                "operationMetadataId": "fadfaed5-fcbf-4030-a22a-5d3bbdbe60f1"
              },
              "type": "ParseJson",
              "inputs": {
                "content": "@body('HTTP_要求を送信します')",
                "schema": {
                  "type": "object",
                  "properties": {
                    "@@odata.context": {
                      "type": "string"
                    },
                    "value": {
                      "type": "array",
                      "items": {
                        "type": "object",
                        "properties": {
                          "scheduleId": {
                            "type": "string"
                          },
                          "availabilityView": {
                            "type": "string"
                          },
                          "scheduleItems": {
                            "type": "array"
                          }
                        },
                        "required": [
                          "scheduleId",
                          "availabilityView",
                          "scheduleItems"
                        ]
                      }
                    }
                  }
                }
              }
            },
            "Apply_to_each": {
              "foreach": "@body('JSON_の解析')?['value']",
              "actions": {
                "配列変数に追加": {
                  "runAfter": {},
                  "metadata": {
                    "operationMetadataId": "fe7fdafe-d664-4415-9de2-350993513d25"
                  },
                  "type": "AppendToArrayVariable",
                  "inputs": {
                    "name": "Schedules",
                    "value": {
                      "scheduleId": "@{items('Apply_to_each')?['scheduleId']}",
                      "availabilityView": "@{items('Apply_to_each')?['availabilityView']}"
                    }
                  }
                }
              },
              "runAfter": {
                "JSON_の解析": [
                  "Succeeded"
                ]
              },
              "metadata": {
                "operationMetadataId": "7e14519f-affa-4405-89dc-f6a0367d8f78"
              },
              "type": "Foreach"
            }
          },
          "runAfter": {
            "HTTP_要求を送信します": [
              "Succeeded"
            ]
          },
          "metadata": {
            "operationMetadataId": "ebecf7c0-29cc-4deb-b15e-b7b4d85b3419"
          },
          "type": "Foreach",
          "runtimeConfiguration": {
            "concurrency": {
              "repetitions": 50
            }
          }
        },
        "応答": {
          "runAfter": {
            "Apply_to_each_4": [
              "Succeeded"
            ]
          },
          "metadata": {
            "operationMetadataId": "1a239499-0a54-4e03-9dc0-0e12dbde968c"
          },
          "type": "Response",
          "kind": "Http",
          "inputs": {
            "statusCode": 200,
            "body": {
              "Value": "@variables('Schedules')"
            },
            "schema": {
              "type": "object",
              "properties": {
                "Value": {
                  "type": "array",
                  "items": {
                    "type": "object",
                    "properties": {
                      "scheduleId": {
                        "type": "string"
                      },
                      "availabilityView": {
                        "type": "string"
                      }
                    },
                    "required": [
                      "scheduleId",
                      "availabilityView"
                    ]
                  }
                }
              }
            }
          }
        },
        "HTTP_要求を送信します": {
          "runAfter": {
            "変数Schedulesを初期化する": [
              "Succeeded"
            ]
          },
          "metadata": {
            "operationMetadataId": "a7de426b-2a8a-4c4c-9b0a-3bed9a78b753"
          },
          "type": "OpenApiConnection",
          "inputs": {
            "host": {
              "connectionName": "shared_office365groups_1",
              "operationId": "HttpRequest",
              "apiId": "/providers/Microsoft.PowerApps/apis/shared_office365groups"
            },
            "parameters": {
              "Uri": "https://graph.microsoft.com/v1.0/me/calendar/getSchedule",
              "Method": "POST",
              "Body": "{        \n    \"schedules\": [\"@{join(variables('IDs'), '\",\"')}\"],\n    \"startTime\": {\n        \"dateTime\": \"@{triggerBody()['text_1']}\",\n        \"timeZone\": \"Asia/Tokyo\"\n    },\n    \"endTime\": {\n        \"dateTime\": \"@{triggerBody()['text_2']}\",\n        \"timeZone\": \"Asia/Tokyo\"\n    },\n    \"availabilityViewInterval\": @{triggerBody()['text_3']}\n}",
              "ContentType": "application/json",
              "CustomHeader1": "Prefer: outlook.timezone=\"Asia/Tokyo\""
            },
            "authentication": "@parameters('$authentication')"
          }
        }
      },
      "outputs": {}
    }
  },
  "schemaVersion": "1.0.0.0"
}