<ImportExportXml xmlns:xsi="http://www.w3.org/2001/XMLSchema-instance">
  <Entities></Entities>
  <Roles></Roles>
  <Workflows>
    <Workflow WorkflowId="{1374d81c-56af-ec11-983f-000d3a4142af}" Name="GetEquipments">
      <JsonFileName>/Workflows/GetEquipments-1374D81C-56AF-EC11-983F-000D3A4142AF.json</JsonFileName>
      <Type>1</Type>
      <Subprocess>0</Subprocess>
      <Category>5</Category>
      <Mode>0</Mode>
      <Scope>4</Scope>
      <OnDemand>0</OnDemand>
      <TriggerOnCreate>0</TriggerOnCreate>
      <TriggerOnDelete>0</TriggerOnDelete>
      <AsyncAutodelete>0</AsyncAutodelete>
      <SyncWorkflowLogOnFailure>0</SyncWorkflowLogOnFailure>
      <StateCode>1</StateCode>
      <StatusCode>2</StatusCode>
      <RunAs>1</RunAs>
      <IsTransacted>1</IsTransacted>
      <IntroducedVersion>1.0.0.0</IntroducedVersion>
      <IsCustomizable>1</IsCustomizable>
      <BusinessProcessType>0</BusinessProcessType>
      <IsCustomProcessingStepAllowedForOtherPublishers>1</IsCustomProcessingStepAllowedForOtherPublishers>
      <PrimaryEntity>none</PrimaryEntity>
      <LocalizedNames>
        <LocalizedName languagecode="1041" description="GetEquipments" />
      </LocalizedNames>
    </Workflow>
    <Workflow WorkflowId="{a9c5b742-58af-ec11-983f-000d3a4142af}" Name="GetRooms">
      <JsonFileName>/Workflows/GetRooms-A9C5B742-58AF-EC11-983F-000D3A4142AF.json</JsonFileName>
      <Type>1</Type>
      <Subprocess>0</Subprocess>
      <Category>5</Category>
      <Mode>0</Mode>
      <Scope>4</Scope>
      <OnDemand>0</OnDemand>
      <TriggerOnCreate>0</TriggerOnCreate>
      <TriggerOnDelete>0</TriggerOnDelete>
      <AsyncAutodelete>0</AsyncAutodelete>
      <SyncWorkflowLogOnFailure>0</SyncWorkflowLogOnFailure>
      <StateCode>1</StateCode>
      <StatusCode>2</StatusCode>
      <RunAs>1</RunAs>
      <IsTransacted>1</IsTransacted>
      <IntroducedVersion>1.0.0.0</IntroducedVersion>
      <IsCustomizable>1</IsCustomizable>
      <BusinessProcessType>0</BusinessProcessType>
      <IsCustomProcessingStepAllowedForOtherPublishers>1</IsCustomProcessingStepAllowedForOtherPublishers>
      <PrimaryEntity>none</PrimaryEntity>
      <LocalizedNames>
        <LocalizedName languagecode="1041" description="GetRooms" />
      </LocalizedNames>
    </Workflow>
    <Workflow WorkflowId="{e5aeafcf-5daf-ec11-983f-000d3a4142af}" Name="GetSchedules">
      <JsonFileName>/Workflows/GetSchedules-E5AEAFCF-5DAF-EC11-983F-000D3A4142AF.json</JsonFileName>
      <Type>1</Type>
      <Subprocess>0</Subprocess>
      <Category>5</Category>
      <Mode>0</Mode>
      <Scope>4</Scope>
      <OnDemand>0</OnDemand>
      <TriggerOnCreate>0</TriggerOnCreate>
      <TriggerOnDelete>0</TriggerOnDelete>
      <AsyncAutodelete>0</AsyncAutodelete>
      <SyncWorkflowLogOnFailure>0</SyncWorkflowLogOnFailure>
      <StateCode>1</StateCode>
      <StatusCode>2</StatusCode>
      <RunAs>1</RunAs>
      <IsTransacted>1</IsTransacted>
      <IntroducedVersion>1.0.0.0</IntroducedVersion>
      <IsCustomizable>1</IsCustomizable>
      <BusinessProcessType>0</BusinessProcessType>
      <IsCustomProcessingStepAllowedForOtherPublishers>1</IsCustomProcessingStepAllowedForOtherPublishers>
      <PrimaryEntity>none</PrimaryEntity>
      <LocalizedNames>
        <LocalizedName languagecode="1041" description="GetSchedules" />
      </LocalizedNames>
    </Workflow>
    <Workflow WorkflowId="{b879e582-5681-ec11-8d21-000d3acf5511}" Name="GetEvents">
      <JsonFileName>/Workflows/GetEvents-B879E582-5681-EC11-8D21-000D3ACF5511.json</JsonFileName>
      <Type>1</Type>
      <Subprocess>0</Subprocess>
      <Category>5</Category>
      <Mode>0</Mode>
      <Scope>4</Scope>
      <OnDemand>0</OnDemand>
      <TriggerOnCreate>0</TriggerOnCreate>
      <TriggerOnDelete>0</TriggerOnDelete>
      <AsyncAutodelete>0</AsyncAutodelete>
      <SyncWorkflowLogOnFailure>0</SyncWorkflowLogOnFailure>
      <StateCode>1</StateCode>
      <StatusCode>2</StatusCode>
      <RunAs>1</RunAs>
      <IsTransacted>1</IsTransacted>
      <IntroducedVersion>1.0.0.3</IntroducedVersion>
      <IsCustomizable>1</IsCustomizable>
      <BusinessProcessType>0</BusinessProcessType>
      <IsCustomProcessingStepAllowedForOtherPublishers>1</IsCustomProcessingStepAllowedForOtherPublishers>
      <PrimaryEntity>none</PrimaryEntity>
      <LocalizedNames>
        <LocalizedName languagecode="1041" description="GetEvents" />
      </LocalizedNames>
    </Workflow>
  </Workflows>
  <FieldSecurityProfiles></FieldSecurityProfiles>
  <Templates />
  <EntityMaps />
  <EntityRelationships />
  <OrganizationSettings />
  <optionsets />
  <CustomControls />
  <EntityDataProviders />
  <CanvasApps>
    <CanvasApp>
      <Name>yaa_todoroki_a9d24</Name>
      <AppVersion>2022-03-31T12:34:28Z</AppVersion>
      <Status>Ready</Status>
      <CreatedByClientVersion>3.22022.23.0</CreatedByClientVersion>
      <MinClientVersion>3.22022.23.0</MinClientVersion>
      <Tags>{"primaryDeviceWidth":"1366","primaryDeviceHeight":"768","sienaVersion":"dfcf367e-f8ad-47b5-ba12-6bba6c74e67d","deviceCapabilities":"","supportsPortrait":"true","supportsLandscape":"true","primaryFormFactor":"Tablet","publisherVersion":"3.22022.23","minimumRequiredApiVersion":"2.2.0","hasComponent":"false","hasUnlockedComponent":"false","isUnifiedRootApp":"false"}</Tags>
      <IsCdsUpgraded>0</IsCdsUpgraded>
      <GalleryItemId xsi:nil="true"></GalleryItemId>
      <BackgroundColor>RGBA(0,176,240,1)</BackgroundColor>
      <DisplayName>Todoroki</DisplayName>
      <Description xsi:nil="true"></Description>
      <CommitMessage xsi:nil="true"></CommitMessage>
      <Publisher xsi:nil="true"></Publisher>
      <AuthorizationReferences>[]</AuthorizationReferences>
      <ConnectionReferences>{"10951049-e36b-46d8-9b1c-da397b229d86":{"id":"/providers/microsoft.powerapps/apis/shared_logicflows","displayName":"ロジック フロー","iconUri":"https://connectoricons-prod.azureedge.net/releases/v1.0.1534/1.0.1534.2605/logicflows/icon.png","dataSources":["GetRooms"],"dependencies":["0852592e-6212-40a1-b498-9021cd91a1ce"],"dependents":[],"parameterHints":{"workflowName":{"value":"46718bc5-eb5a-40aa-b366-b3f1cb0da582"},"workflowEntityId":{"value":"a9c5b742-58af-ec11-983f-000d3a4142af"},"0852592e-6212-40a1-b498-9021cd91a1ce":{"value":"shared_office365"}},"parameterHintsV2":{"workflowName":{"value":"46718bc5-eb5a-40aa-b366-b3f1cb0da582"},"workflowEntityId":{"value":"a9c5b742-58af-ec11-983f-000d3a4142af"},"shared_office365":{"value":"0852592e-6212-40a1-b498-9021cd91a1ce"}},"isOnPremiseConnection":false,"bypassConsent":false,"dataSets":{},"apiTier":"Standard","actions":["Run"]},"0852592e-6212-40a1-b498-9021cd91a1ce":{"id":"/providers/microsoft.powerapps/apis/shared_office365","displayName":"Office 365 Outlook","iconUri":"https://connectoricons-prod.azureedge.net/releases/v1.0.1566/1.0.1566.2741/office365/icon.png","dataSources":["Office365Outlook"],"dependencies":[],"dependents":["10951049-e36b-46d8-9b1c-da397b229d86"],"parameterHints":{},"parameterHintsV2":{},"isOnPremiseConnection":false,"bypassConsent":false,"dataSets":{},"apiTier":"Standard","actions":["CalendarGetTables","V2CalendarPostItem","GetRoomsInRoomList","FindMeetingTimes","GetRoomLists","GetRooms"]},"34e04d6f-c11e-4ec6-bc29-8eec0112abcc":{"id":"/providers/microsoft.powerapps/apis/shared_office365users","displayName":"Office 365 ユーザー","iconUri":"https://connectoricons-prod.azureedge.net/releases/v1.0.1563/1.0.1563.2732/office365users/icon.png","dataSources":["Office365ユーザー"],"dependencies":[],"dependents":[],"parameterHints":{},"parameterHintsV2":{},"isOnPremiseConnection":false,"bypassConsent":false,"dataSets":{},"apiTier":"Standard","actions":["SearchUserV2","MyProfileV2","SearchUser"]},"f9d0986f-cc7d-43fb-947c-d910687c6bbc":{"id":"/providers/microsoft.powerapps/apis/shared_logicflows","displayName":"ロジック フロー","iconUri":"https://connectoricons-prod.azureedge.net/releases/v1.0.1534/1.0.1534.2605/logicflows/icon.png","dataSources":["GetEvents"],"dependencies":["1fc04ed7-b0de-4e1f-bafe-4dd0ce2ccc06"],"dependents":[],"parameterHints":{"workflowName":{"value":"a6eb8bf9-acfd-493e-9c18-d473eb80688b"},"workflowEntityId":{"value":"b879e582-5681-ec11-8d21-000d3acf5511"},"1fc04ed7-b0de-4e1f-bafe-4dd0ce2ccc06":{"value":"shared_office365groups"}},"parameterHintsV2":{"workflowName":{"value":"a6eb8bf9-acfd-493e-9c18-d473eb80688b"},"workflowEntityId":{"value":"b879e582-5681-ec11-8d21-000d3acf5511"},"shared_office365groups":{"value":"1fc04ed7-b0de-4e1f-bafe-4dd0ce2ccc06"}},"isOnPremiseConnection":false,"bypassConsent":false,"dataSets":{},"apiTier":"Standard"},"1fc04ed7-b0de-4e1f-bafe-4dd0ce2ccc06":{"id":"/providers/microsoft.powerapps/apis/shared_office365groups","displayName":"Office 365 グループ","iconUri":"https://connectoricons-prod.azureedge.net/releases/v1.0.1563/1.0.1563.2732/office365groups/icon.png","dataSources":[],"dependencies":[],"dependents":["f9d0986f-cc7d-43fb-947c-d910687c6bbc"],"parameterHints":{},"parameterHintsV2":{},"isOnPremiseConnection":false,"bypassConsent":false,"dataSets":{},"apiTier":"Standard"},"2057f176-a0a9-4b3b-8efb-3ec18b4f792a":{"id":"/providers/microsoft.powerapps/apis/shared_logicflows","displayName":"ロジック フロー","iconUri":"https://connectoricons-prod.azureedge.net/releases/v1.0.1534/1.0.1534.2605/logicflows/icon.png","dataSources":["GetSchedules"],"dependencies":["2a31c5d0-6011-4ac4-8b02-f73a75cb162f"],"dependents":[],"parameterHints":{"workflowName":{"value":"130862b0-dd6c-4583-9fb9-a2f096d3f0a8"},"workflowEntityId":{"value":"e5aeafcf-5daf-ec11-983f-000d3a4142af"},"2a31c5d0-6011-4ac4-8b02-f73a75cb162f":{"value":"shared_office365groups_1"}},"parameterHintsV2":{"workflowName":{"value":"130862b0-dd6c-4583-9fb9-a2f096d3f0a8"},"workflowEntityId":{"value":"e5aeafcf-5daf-ec11-983f-000d3a4142af"},"shared_office365groups_1":{"value":"2a31c5d0-6011-4ac4-8b02-f73a75cb162f"}},"isOnPremiseConnection":false,"bypassConsent":false,"dataSets":{},"apiTier":"Standard","actions":["Run"]},"2a31c5d0-6011-4ac4-8b02-f73a75cb162f":{"id":"/providers/microsoft.powerapps/apis/shared_office365groups","displayName":"Office 365 グループ","iconUri":"https://connectoricons-prod.azureedge.net/releases/v1.0.1563/1.0.1563.2732/office365groups/icon.png","dataSources":[],"dependencies":[],"dependents":["2057f176-a0a9-4b3b-8efb-3ec18b4f792a"],"parameterHints":{},"parameterHintsV2":{},"isOnPremiseConnection":false,"bypassConsent":false,"dataSets":{},"apiTier":"Standard"}}</ConnectionReferences>
      <DatabaseReferences>{}</DatabaseReferences>
      <AppComponents>[]</AppComponents>
      <AppComponentDependencies>[]</AppComponentDependencies>
      <CanConsumeAppPass>1</CanConsumeAppPass>
      <CanvasAppType>0</CanvasAppType>
      <BypassConsent>0</BypassConsent>
      <AdminControlBypassConsent>0</AdminControlBypassConsent>
      <EmbeddedApp xsi:nil="true"></EmbeddedApp>
      <IntroducedVersion>1.0</IntroducedVersion>
      <CdsDependencies>{"cdsdependencies":[]}</CdsDependencies>
      <IsCustomizable>1</IsCustomizable>
      <BackgroundImageUri>/CanvasApps/yaa_todoroki_a9d24_BackgroundImageUri</BackgroundImageUri>
      <DocumentUri>/CanvasApps/yaa_todoroki_a9d24_DocumentUri.msapp</DocumentUri>
    </CanvasApp>
  </CanvasApps>
  <connectionreferences>
    <connectionreference connectionreferencelogicalname="yaa_sharedoffice365groups_48a80">
      <connectionreferencedisplayname>Office 365 グループ Todoroki-48a80</connectionreferencedisplayname>
      <connectorid>/providers/Microsoft.PowerApps/apis/shared_office365groups</connectorid>
      <iscustomizable>1</iscustomizable>
      <statecode>0</statecode>
      <statuscode>1</statuscode>
    </connectionreference>
  </connectionreferences>
  <Languages>
    <Language>1041</Language>
  </Languages>
</ImportExportXml>