{
  "properties": {
    "connectionReferences": {
      "shared_office365groups": {
        "runtimeSource": "invoker",
        "connection": {
          "connectionReferenceLogicalName": "yaa_sharedoffice365groups_48a80"
        },
        "api": {
          "name": "shared_office365groups"
        }
      }
    },
    "definition": {
      "$schema": "https://schema.management.azure.com/providers/Microsoft.Logic/schemas/2016-06-01/workflowdefinition.json#",
      "contentVersion": "1.0.0.0",
      "parameters": {
        "$connections": {
          "defaultValue": {},
          "type": "Object"
        },
        "$authentication": {
          "defaultValue": {},
          "type": "SecureObject"
        }
      },
      "triggers": {
        "manual": {
          "metadata": {
            "operationMetadataId": "fbd569e1-7c59-43bf-923f-255c10bf3ab1"
          },
          "type": "Request",
          "kind": "PowerAppV2",
          "inputs": {
            "schema": {
              "type": "object",
              "properties": {},
              "required": []
            }
          }
        }
      },
      "actions": {
        "自分が所有しているグループの一覧表示_(V2)": {
          "runAfter": {},
          "metadata": {
            "operationMetadataId": "ce78f9d9-3c99-4b48-9539-4f01c34e7aec"
          },
          "type": "OpenApiConnection",
          "inputs": {
            "host": {
              "connectionName": "shared_office365groups",
              "operationId": "ListOwnedGroups_V2",
              "apiId": "/providers/Microsoft.PowerApps/apis/shared_office365groups"
            },
            "parameters": {},
            "authentication": "@parameters('$authentication')"
          }
        },
        "アレイのフィルター処理": {
          "runAfter": {
            "自分が所有しているグループの一覧表示_(V2)": [
              "Succeeded"
            ]
          },
          "metadata": {
            "operationMetadataId": "7a550944-86a0-4189-a0bf-6ffa73f376fb"
          },
          "type": "Query",
          "inputs": {
            "from": "@outputs('自分が所有しているグループの一覧表示_(V2)')?['body/value']",
            "where": "@contains(item()?['mail'], 'AllEquipments')"
          }
        },
        "グループ_メンバーの一覧表示": {
          "runAfter": {
            "アレイのフィルター処理": [
              "Succeeded"
            ]
          },
          "metadata": {
            "operationMetadataId": "3d50b407-565b-4117-8f22-1e0817b9ad72"
          },
          "type": "OpenApiConnection",
          "inputs": {
            "host": {
              "connectionName": "shared_office365groups",
              "operationId": "ListGroupMembers",
              "apiId": "/providers/Microsoft.PowerApps/apis/shared_office365groups"
            },
            "parameters": {
              "groupId": "@first(body('アレイのフィルター処理'))?['id']",
              "$top": 999
            },
            "authentication": "@parameters('$authentication')"
          },
          "description": "first(body('アレイのフィルター処理'))?['id']"
        },
        "応答": {
          "runAfter": {
            "グループ_メンバーの一覧表示": [
              "Succeeded"
            ]
          },
          "metadata": {
            "operationMetadataId": "1d32503b-a154-4d78-b51f-dff45ecc724a"
          },
          "type": "Response",
          "kind": "Http",
          "inputs": {
            "statusCode": 200,
            "body": "@body('グループ_メンバーの一覧表示')",
            "schema": {
              "type": "array",
              "items": {
                "type": "object",
                "properties": {
                  "@@odata.type": {
                    "type": "string"
                  },
                  "id": {
                    "type": "string"
                  },
                  "businessPhones": {
                    "type": "array"
                  },
                  "displayName": {
                    "type": "string"
                  },
                  "mail": {
                    "type": "string"
                  },
                  "userPrincipalName": {
                    "type": "string"
                  }
                },
                "required": [
                  "@@odata.type",
                  "id",
                  "businessPhones",
                  "displayName",
                  "mail",
                  "userPrincipalName"
                ]
              }
            }
          }
        }
      },
      "outputs": {}
    }
  },
  "schemaVersion": "1.0.0.0"
}